y,elastic_net_logistic,xgboost,ebm,Animal
CKD,"[0.19577909751110387, 0.7060312860231264, 0.0981896164657697]","[0.12057917565107346, 0.7848092317581177, 0.09461157768964767]","[0.02785472940979117, 0.9250825068354742, 0.047062763754734595]",A
CKD,"[0.2698353344408584, 0.6335338182844753, 0.09663084727466636]","[0.1470438688993454, 0.7577750086784363, 0.09518115222454071]","[0.06005893097526417, 0.8573523099955238, 0.08258875902921187]",A
CKD,"[0.336725543982776, 0.5974560602427567, 0.06581839577446724]","[0.22983889281749725, 0.6579122543334961, 0.11224885284900665]","[0.10471904210907859, 0.8412634111104, 0.05401754678052149]",A
CKD,"[0.14333976840574839, 0.5825414800094829, 0.2741187515847687]","[0.10613991320133209, 0.6936786770820618, 0.20018140971660614]","[0.03108205997799705, 0.7908648138645719, 0.17805312615743102]",A
CKD,"[0.0054508569610446245, 0.3413204069012312, 0.6532287361377241]","[0.06554105132818222, 0.26354488730430603, 0.6709141135215759]","[0.0029243561515887003, 0.45320115106577724, 0.5438744927826341]",A
CaOx,"[0.919465704348748, 0.05062061666685376, 0.029913678984398128]","[0.9009701013565063, 0.067070372402668, 0.03195958212018013]","[0.9688410487386844, 0.029898796614898065, 0.001260154646417512]",AZ
CaOx,"[0.8182975918751383, 0.1131369982701658, 0.06856540985469592]","[0.8076017498970032, 0.10622379928827286, 0.08617446571588516]","[0.8746041963441671, 0.11934695685154184, 0.006048846804291084]",AZ
CaOx,"[0.7346541950977503, 0.19747127420557767, 0.06787453069667189]","[0.8308104276657104, 0.12773936986923218, 0.04145025089383125]","[0.861220720939244, 0.1292655771068996, 0.009513701953856375]",AZ
CaOx,"[0.12274054222124013, 0.5655999014802455, 0.31165955629851433]","[0.09914349764585495, 0.5185567140579224, 0.38229984045028687]","[0.033643729587707644, 0.5773280159438381, 0.38902825446845435]",AZ
CaOx,"[0.33213422623177763, 0.3892002075593024, 0.27866556620891997]","[0.23384439945220947, 0.5412339568138123, 0.22492161393165588]","[0.1124257509926413, 0.7172546014001118, 0.170319647607247]",AZ
CKD,"[0.7132167212070716, 0.13113219030765844, 0.15565108848526998]","[0.8199846148490906, 0.11587948352098465, 0.06413595378398895]","[0.7558286460427541, 0.1017166675759827, 0.1424546863812631]",B
CKD,"[0.1890001557841661, 0.48180979023180465, 0.3291900539840292]","[0.2791712284088135, 0.5957273244857788, 0.1251014620065689]","[0.10054019400964613, 0.6507324792757477, 0.24872732671460618]",B
CKD,"[0.015477915882980626, 0.35261640717332643, 0.6319056769436929]","[0.05389612913131714, 0.28674840927124023, 0.6593554615974426]","[0.011357889438914791, 0.36408378069992525, 0.62455832986116]",B
CKD,"[0.4644846525934942, 0.22201392134750605, 0.3135014260589998]","[0.6466310620307922, 0.2701202929019928, 0.08324865251779556]","[0.5231132083446931, 0.2586675014012763, 0.2182192902540307]",B
CKD,"[0.015276367866407528, 0.4991529433333801, 0.4855706888002124]","[0.07418198883533478, 0.27200812101364136, 0.6538099050521851]","[0.049342076243521577, 0.37651142370171914, 0.5741465000547593]",B
CKD,"[0.026544908262207338, 0.295216176305774, 0.6782389154320186]","[0.09331055730581284, 0.33711662888526917, 0.5695728063583374]","[0.17177342382751784, 0.3092848323081697, 0.5189417438643125]",B
Healthy,"[0.23760897243670906, 0.6380468463373484, 0.12434418122594244]","[0.2898896038532257, 0.6199301481246948, 0.09018024057149887]","[0.4230204135905081, 0.5153994367724607, 0.06158014963703123]",C
Healthy,"[0.20369437164515175, 0.6262750955819815, 0.17003053277286667]","[0.3013467490673065, 0.5661776661872864, 0.1324755847454071]","[0.31918644808405755, 0.5503585588385297, 0.1304549930774127]",C
Healthy,"[0.6437328440755549, 0.22942223018350974, 0.12684492574093545]","[0.5501925945281982, 0.31099069118499756, 0.1388167291879654]","[0.6201146143707461, 0.33278441622431076, 0.04710096940494317]",C
Healthy,"[0.11971159598722393, 0.5737138663351778, 0.30657453767759835]","[0.11541996896266937, 0.5916922688484192, 0.292887806892395]","[0.14410157274289062, 0.4725991418221208, 0.3832992854349886]",C
Healthy,"[0.006196957884624395, 0.8087244564169882, 0.18507858569838753]","[0.07801929116249084, 0.646511435508728, 0.27546924352645874]","[0.01371370691035291, 0.7406202593548733, 0.24566603373477378]",C
Healthy,"[0.965938595111049, 0.029146058204469884, 0.004915346684481283]","[0.8500064015388489, 0.10242289304733276, 0.047570668160915375]","[0.9185237553145394, 0.07945538233571389, 0.0020208623497464905]",C
Healthy,"[0.8349361324222043, 0.13686042335179296, 0.028203444226002662]","[0.8146284818649292, 0.12246041744947433, 0.06291116774082184]","[0.766457600113671, 0.2242769137173324, 0.009265486168996489]",C
Healthy,"[0.7277104461802004, 0.15432392283674118, 0.11796563098305851]","[0.7854170799255371, 0.14256472885608673, 0.07201813161373138]","[0.87518337490952, 0.06293970513525925, 0.06187691995522069]",C
CKD,"[0.0784296260460787, 8.752598792857817e-06, 0.9215616213551285]","[0.07308615744113922, 0.39598265290260315, 0.5309311151504517]","[0.0257125922879002, 0.19786599693549578, 0.7764214107766041]",CD
CKD,"[0.046786590944783366, 0.34369657713456736, 0.6095168319206492]","[0.05706961825489998, 0.5479381084442139, 0.39499229192733765]","[0.016648142217258997, 0.5782723448149453, 0.40507951296779565]",CD
CKD,"[0.021581263550677583, 0.3169020769727165, 0.6615166594766059]","[0.07341046631336212, 0.2695929706096649, 0.6569965481758118]","[0.08245348588807246, 0.3427042736799098, 0.5748422404320178]",CD
CKD,"[0.04012152011908886, 0.30010975900431697, 0.6597687208765942]","[0.049819499254226685, 0.5572675466537476, 0.39291298389434814]","[0.006729467161792815, 0.7350558015613581, 0.258214731276849]",CD
CaOx,"[0.03020250808041026, 0.46372689956035107, 0.5060705923592387]","[0.06340102106332779, 0.22590528428554535, 0.7106937170028687]","[0.013330934923955644, 0.3420352305834536, 0.6446338344925908]",D
CaOx,"[0.27205708218482894, 0.6261817832592212, 0.10176113455594991]","[0.6808993220329285, 0.24634958803653717, 0.07275114208459854]","[0.47345640791271476, 0.4503417757880519, 0.07620181629923346]",D
CaOx,"[0.239679975910919, 0.6189971817873983, 0.14132284230168274]","[0.38514435291290283, 0.4028019607067108, 0.21205364167690277]","[0.26973763490192826, 0.5559216664831262, 0.1743406986149455]",D
CaOx,"[0.13939362422581633, 0.33263358116875963, 0.5279727946054241]","[0.15203191339969635, 0.5967548489570618, 0.25121328234672546]","[0.05495106873928591, 0.6186161181434114, 0.32643281311730254]",E
CaOx,"[0.19454283998077845, 0.18190944675815973, 0.6235477132610618]","[0.22695879638195038, 0.46070414781570435, 0.3123370409011841]","[0.09400487800111945, 0.37894147343163664, 0.5270536485672439]",E
CaOx,"[0.6910927198268578, 0.1756250325656886, 0.13328224760745372]","[0.46707841753959656, 0.25077736377716064, 0.2821442484855652]","[0.2886159883086111, 0.2431068637175667, 0.46827714797382214]",E
CaOx,"[0.35927956018939533, 0.23003106250527777, 0.4106893773053269]","[0.42176181077957153, 0.25564804673194885, 0.3225901424884796]","[0.1998677406803491, 0.3279664778358925, 0.4721657814837584]",E
CaOx,"[0.12249118267167737, 0.2747619679831009, 0.6027468493452218]","[0.17705728113651276, 0.5028250217437744, 0.320117712020874]","[0.08418532537367777, 0.29517722190586565, 0.6206374527204566]",E
Healthy,"[0.9072896253106991, 0.05523005490398016, 0.037480319785320695]","[0.8166986107826233, 0.10613294690847397, 0.07716839760541916]","[0.9696497395129413, 0.01440048522677173, 0.015949775260287027]",ED
Healthy,"[0.8189898940197691, 0.12410639511019368, 0.056903710870037164]","[0.8515211939811707, 0.07900096476078033, 0.0694778561592102]","[0.9471563857860489, 0.021411119838329842, 0.031432494375621164]",ED
Healthy,"[0.8104366905012871, 0.15917159665730593, 0.03039171284140701]","[0.8701149821281433, 0.07692458480596542, 0.05296047776937485]","[0.9467418316499941, 0.035507462761155566, 0.01775070558885025]",ED
Healthy,"[0.4153065894641589, 0.5161355399015742, 0.0685578706342668]","[0.7227328419685364, 0.20756205916404724, 0.06970515102148056]","[0.5723185347307198, 0.38945295106578476, 0.03822851420349547]",ED
Healthy,"[0.9452457927257373, 0.02136879772636707, 0.033385409547895636]","[0.6891383528709412, 0.22230763733386993, 0.08855406194925308]","[0.9764138438838758, 0.012359969430527213, 0.011226186685596894]",ED
Healthy,"[0.9996828766914884, 0.0002631980105013674, 5.392529801050446e-05]","[0.6501617431640625, 0.09151321649551392, 0.2583250105381012]","[0.9808944900271458, 0.0026755213738136004, 0.016429988599040588]",ED
Healthy,"[0.7695132946080048, 0.181527302636646, 0.04895940275534925]","[0.8984490036964417, 0.056805454194545746, 0.044745542109012604]","[0.9837745370253843, 0.012440522658104138, 0.00378494031651148]",ED
Healthy,"[0.7476474421699095, 0.20320832033821298, 0.049144237491877386]","[0.5039127469062805, 0.2971165180206299, 0.19897077977657318]","[0.8090099576504828, 0.10445754660874354, 0.08653249574077368]",F
Healthy,"[0.4487338343788411, 0.4587571069537861, 0.0925090586673727]","[0.3541598320007324, 0.4071468114852905, 0.23869334161281586]","[0.22561192760179355, 0.5666819104247333, 0.20770616197347327]",F
Healthy,"[0.5656615051804157, 0.339188069777855, 0.09515042504172933]","[0.5751206278800964, 0.24609257280826569, 0.17878678441047668]","[0.6020739685087986, 0.2603188258273526, 0.13760720566384876]",F
Healthy,"[0.9999889143459376, 1.0104693435071568e-05, 9.809606273972026e-07]","[0.7959213852882385, 0.1680508255958557, 0.036027781665325165]","[0.986918413954469, 0.013077248116243601, 4.337929287431172e-06]",F
Healthy,"[0.6061919712420878, 0.2745579994137054, 0.11925002934420663]","[0.3327687084674835, 0.48879215121269226, 0.1784391701221466]","[0.4468211058395837, 0.30292234714760735, 0.2502565470128089]",F
Healthy,"[0.8433061092575995, 0.09887836566512662, 0.05781552507727386]","[0.4868149757385254, 0.31560832262039185, 0.19757671654224396]","[0.8156419428172696, 0.12888397009260055, 0.05547408709012965]",F
Healthy,"[0.27896074292562184, 0.450608546271744, 0.27043071080263414]","[0.17691104114055634, 0.7202273011207581, 0.10286165773868561]","[0.09551663632515223, 0.590983592880902, 0.3134997707939457]",G
Healthy,"[0.1911871675891153, 0.4653630459918027, 0.3434497864190821]","[0.14714977145195007, 0.7206401228904724, 0.13221007585525513]","[0.08086066285814535, 0.5088401184044771, 0.41029921873737757]",G
Healthy,"[0.3318614864065831, 0.5645825195940454, 0.10355599399937145]","[0.3872900605201721, 0.5432846546173096, 0.0694253221154213]","[0.34018771306087325, 0.6122995886563558, 0.04751269828277094]",G
Healthy,"[0.31093052008745276, 0.5302415913496696, 0.15882788856287755]","[0.41401124000549316, 0.4143829941749573, 0.17160572111606598]","[0.5142550462662215, 0.29130770339355655, 0.194437250340222]",G
Healthy,"[0.5289270188293606, 0.2565894000402261, 0.21448358113041335]","[0.39956045150756836, 0.197030708193779, 0.40340885519981384]","[0.5028375529760876, 0.20859162959358551, 0.2885708174303269]",G
CKD,"[0.008919359464211667, 0.31409085733156183, 0.6769897832042265]","[0.09169722348451614, 0.17867586016654968, 0.7296268939971924]","[0.056435558602370546, 0.08469559859610884, 0.8588688428015206]",H
CKD,"[0.030818132736031543, 0.3637024005747803, 0.6054794666891881]","[0.07895617187023163, 0.21190989017486572, 0.7091339826583862]","[0.03476504200199354, 0.3579984582982139, 0.6072364996997927]",H
CKD,"[0.04427415685271311, 0.39798714510471794, 0.557738698042569]","[0.08484810590744019, 0.19667457044124603, 0.7184773087501526]","[0.044830607023164236, 0.3143562995095842, 0.6408130934672515]",H
Healthy,"[0.16812182720511476, 0.5288946816537479, 0.30298349114113726]","[0.2605213522911072, 0.40217360854148865, 0.3373050093650818]","[0.10968530160311864, 0.2977440299295171, 0.5925706684673643]",I
Healthy,"[0.7661613380949751, 0.13032655293088766, 0.10351210897413723]","[0.6745712161064148, 0.2290375828742981, 0.09639124572277069]","[0.7011667855641593, 0.2928212675201662, 0.0060119469156745585]",I
Healthy,"[0.5740358828324537, 0.20755375867292425, 0.21841035849462212]","[0.5263267159461975, 0.12288614362478256, 0.3507871627807617]","[0.6540609718589074, 0.12271799699332747, 0.22322103114776512]",I
Healthy,"[0.865596325350781, 0.05364777623592449, 0.0807558984132944]","[0.6530433297157288, 0.08613663911819458, 0.2608200013637543]","[0.938922260625183, 0.0273086809694834, 0.0337690584053336]",I
Healthy,"[0.43720777626934804, 0.1863167064686804, 0.3764755172619715]","[0.1928563117980957, 0.34518858790397644, 0.46195513010025024]","[0.28049925435634615, 0.3662819547524256, 0.35321879089122826]",I
Healthy,"[0.24970322977959114, 0.4346945221951052, 0.31560224802530373]","[0.14662256836891174, 0.40839362144470215, 0.4449838697910309]","[0.10978137764987066, 0.3951496145290417, 0.4950690078210877]",I
CKD,"[0.48343584921503674, 0.2870294027814998, 0.22953474800346355]","[0.7548977732658386, 0.13715827465057373, 0.10794395208358765]","[0.7766189270021138, 0.20019087048914103, 0.02319020250874537]",IK
CKD,"[0.28409070325770225, 0.2499254054352614, 0.46598389130703644]","[0.5156099796295166, 0.19537918269634247, 0.2890108525753021]","[0.6151671592814012, 0.21912628918032243, 0.16570655153827632]",IK
CKD,"[0.1802361148050691, 0.7037212260765362, 0.1160426591183947]","[0.3681434392929077, 0.5033089518547058, 0.12854759395122528]","[0.28392153606122134, 0.6704026565234698, 0.04567580741530897]",IK
CKD,"[0.21107844873535916, 0.6203529023037556, 0.16856864896088522]","[0.36180728673934937, 0.49321049451828003, 0.1449822038412094]","[0.4450425059434595, 0.4787358819627964, 0.07622161209374403]",IK
CKD,"[0.13500004810344376, 0.68911078647619, 0.1758891654203661]","[0.11642584949731827, 0.7646610736846924, 0.11891307681798935]","[0.12366000833208193, 0.5692631897391162, 0.3070768019288019]",IK
CKD,"[0.16500518042884063, 0.7601077952105786, 0.07488702436058073]","[0.2589508295059204, 0.5906567573547363, 0.15039245784282684]","[0.08881104221137966, 0.8888398468901284, 0.02234911089849182]",IK
CaOx,"[0.5766232439460275, 0.3814458756280489, 0.04193088042592372]","[0.8830822110176086, 0.07081176340579987, 0.0461060032248497]","[0.9703774089903558, 0.025114055058779994, 0.004508535950864247]",J
CaOx,"[0.7378572034193659, 0.16876025390795832, 0.09338254267267583]","[0.6919610500335693, 0.20527905225753784, 0.10275992006063461]","[0.8409685977410348, 0.13359713410196658, 0.025434268156998622]",J
CaOx,"[0.7665681852563101, 0.18873845645297566, 0.04469335829071425]","[0.9112297296524048, 0.04770851880311966, 0.04106169939041138]","[0.9725591121644656, 0.0222575341068668, 0.005183353728667721]",J
CaOx,"[0.13633688628062757, 0.7176367139350953, 0.146026399784277]","[0.19282209873199463, 0.43193528056144714, 0.37524256110191345]","[0.20039723129124162, 0.6644998063895484, 0.13510296231920974]",J
CaOx,"[0.49167302544210156, 0.3160976967177583, 0.19222927784014018]","[0.33476489782333374, 0.28944462537765503, 0.37579044699668884]","[0.5417160654275561, 0.2221019946789948, 0.23618193989344904]",J
Healthy,"[0.8198287518391731, 0.1710994563427848, 0.009071791818042147]","[0.827419102191925, 0.1270264983177185, 0.045554421842098236]","[0.9270943315429636, 0.0688857345547168, 0.004019933902319713]",K
CaOx,"[0.6033951172043969, 0.2681266423772381, 0.12847824041836498]","[0.5668914318084717, 0.2976745069026947, 0.13543404638767242]","[0.5478757300408524, 0.1762247719413869, 0.27589949801776076]",L
CaOx,"[0.5255654128772432, 0.25483610929066525, 0.21959847783209144]","[0.14798685908317566, 0.3249228298664093, 0.5270902514457703]","[0.339525730705768, 0.3282007414639159, 0.3322735278303161]",L
CaOx,"[0.3131419219330652, 0.27277817427380585, 0.4140799037931289]","[0.11944249272346497, 0.21101991832256317, 0.6695375442504883]","[0.1662355748667394, 0.2801231619249918, 0.5536412632082688]",L
CaOx,"[0.6448770748118109, 0.23792132384276013, 0.11720160134542894]","[0.5876290202140808, 0.28563156723976135, 0.12673936784267426]","[0.43194126250465115, 0.33760924207709864, 0.2304494954182502]",L
CKD,"[0.9891335627637764, 0.010142544076275831, 0.0007238931599477318]","[0.9180280566215515, 0.04213859140872955, 0.03983340039849281]","[0.9888062496076722, 0.009925483049825469, 0.0012682673425023622]",M
CKD,"[0.9116694430004988, 0.08152262621586383, 0.006807930783637379]","[0.9171207547187805, 0.051147859543561935, 0.03173145279288292]","[0.959725390126879, 0.03879283160303713, 0.001481778270083956]",M
CKD,"[0.8004491874207267, 0.14932504691406007, 0.050225765665213085]","[0.6351027488708496, 0.27640822529792786, 0.08848902583122253]","[0.9092251826531236, 0.0864681532539652, 0.004306664092911348]",M
CKD,"[0.011738610334908486, 0.38649055283096156, 0.60177083683413]","[0.10234598815441132, 0.20104658603668213, 0.6966074109077454]","[0.03639679764578538, 0.11887236490663308, 0.8447308374475815]",M
CKD,"[0.8905567162295278, 0.09876959131958797, 0.010673692450884195]","[0.9163020849227905, 0.051075756549835205, 0.032622165977954865]","[0.9897343318247616, 0.009784165792088321, 0.00048150238315014033]",M
CKD,"[0.08936499705412823, 0.7505268801779243, 0.1601081227679475]","[0.179888516664505, 0.24946832656860352, 0.5706431865692139]","[0.22428637972047666, 0.5346487562824193, 0.24106486399710403]",N
CKD,"[0.20223657712307058, 0.624343019761439, 0.17342040311549037]","[0.264456182718277, 0.5671905279159546, 0.16835333406925201]","[0.12015442134435166, 0.6869490812807667, 0.19289649737488151]",N
CKD,"[0.07432106635679774, 0.5793261727233223, 0.34635276091988004]","[0.07650952786207199, 0.6419730186462402, 0.28151750564575195]","[0.024840963922230206, 0.6831687289649574, 0.2919903071128125]",N
CaOx,"[0.047457990763728045, 0.3458045810576995, 0.6067374281785723]","[0.16901591420173645, 0.3962708115577698, 0.4347132742404938]","[0.09104281104448744, 0.5536423145910234, 0.35531487436448916]",O
CaOx,"[0.07685712967660835, 0.32617662007733605, 0.5969662502460557]","[0.1388748735189438, 0.35726889967918396, 0.5038562417030334]","[0.1660264855188815, 0.4215976945623178, 0.4123758199188006]",O
CaOx,"[0.36326189924470415, 0.2914318227242041, 0.34530627803109176]","[0.45520827174186707, 0.3089374005794525, 0.2358543425798416]","[0.5585803482107857, 0.3398269162329686, 0.10159273555624554]",O
CKD,"[0.49420415427566844, 0.060299213284445506, 0.445496632439886]","[0.6187453269958496, 0.16036070883274078, 0.22089393436908722]","[0.8358143694655265, 0.042106324217076774, 0.1220793063173968]",OL
CKD,"[0.324007376636967, 0.08382219820745843, 0.5921704251555745]","[0.49209168553352356, 0.10393278300762177, 0.40397554636001587]","[0.6515758956693494, 0.041903984773786596, 0.30652011955686415]",OL
CKD,"[0.39798478380023905, 0.24552705621908813, 0.3564881599806727]","[0.6924943327903748, 0.13631503283977509, 0.17119069397449493]","[0.6043061800635711, 0.22441095347213627, 0.17128286646429272]",OL
CKD,"[0.018619473714851696, 0.2158288228330992, 0.7655517034520491]","[0.07867249101400375, 0.15241658687591553, 0.7689109444618225]","[0.07516187625624783, 0.04130147011938926, 0.8835366536243628]",OL
CKD,"[0.12959951148155252, 0.17849561542638476, 0.6919048730920627]","[0.33090147376060486, 0.1749485731124878, 0.49414998292922974]","[0.2209630081721044, 0.2044133446988281, 0.5746236471290675]",OL
Healthy,"[0.7064628685982383, 0.0819733287207159, 0.2115638026810458]","[0.534670889377594, 0.15220291912555695, 0.31312620639801025]","[0.5546287043911622, 0.12522273923784558, 0.32014855637099227]",P
Healthy,"[0.7028892073973554, 0.044284317964328995, 0.2528264746383156]","[0.3482334017753601, 0.24084532260894775, 0.41092127561569214]","[0.573507155475805, 0.2130018121129641, 0.21349103241123088]",P
Healthy,"[0.923727382953633, 0.06618517373816211, 0.010087443308204873]","[0.8085916638374329, 0.16076233983039856, 0.030646000057458878]","[0.8581836574706828, 0.13313068339062106, 0.008685659138696098]",Q
Healthy,"[0.49616274249557896, 0.2417643796572122, 0.26207287784720873]","[0.41585978865623474, 0.27484697103500366, 0.3092932403087616]","[0.43478924614755804, 0.30658773268503564, 0.2586230211674064]",Q
Healthy,"[0.6486780862482696, 0.17705344908391601, 0.17426846466781423]","[0.5737386345863342, 0.2336471825838089, 0.19261418282985687]","[0.6792101566900896, 0.19563739579004297, 0.12515244751986748]",Q
Healthy,"[0.5748959799756986, 0.30177162555187576, 0.12333239447242565]","[0.40356454253196716, 0.49836403131484985, 0.09807142615318298]","[0.3488783295958554, 0.555164295795095, 0.09595737460904953]",Q
Healthy,"[0.9964696003713448, 0.0012492831264896908, 0.0022811165021656785]","[0.8663339018821716, 0.07895664870738983, 0.05470947176218033]","[0.982541079070357, 0.015076163965041588, 0.002382756964601285]",Q
CaOx,"[0.06337821320068726, 0.06322956975914638, 0.8733922170401665]","[0.146473690867424, 0.14626675844192505, 0.7072595953941345]","[0.04330336929439801, 0.12564564198686212, 0.8310509887187398]",QA
CaOx,"[0.13546408945915497, 0.33988375237008284, 0.5246521581707622]","[0.13006097078323364, 0.26775291562080383, 0.6021861433982849]","[0.058829234143839865, 0.20475805477388873, 0.7364127110822714]",QA
CaOx,"[0.12242842115606882, 0.1718053916427226, 0.7057661872012085]","[0.11290033906698227, 0.26817411184310913, 0.6189255118370056]","[0.10214684104788439, 0.25344130713364227, 0.6444118518184734]",QA
CaOx,"[0.23722194966544666, 0.28789618267032324, 0.47488186766423013]","[0.204860121011734, 0.5360426306724548, 0.25909727811813354]","[0.17423357700244257, 0.627581588762404, 0.19818483423515337]",QA
CaOx,"[0.2752507737652413, 0.15423923723298139, 0.5705099890017773]","[0.3179872930049896, 0.1422848105430603, 0.5397278666496277]","[0.2437126979957412, 0.08950730017134717, 0.6667800018329116]",QA
CaOx,"[0.10114375436450411, 0.31043031632183427, 0.5884259293136617]","[0.1884733885526657, 0.4346192181110382, 0.3769074082374573]","[0.07816838284919193, 0.4602395335129457, 0.46159208363786236]",QA
Healthy,"[0.9232040195203581, 0.06439805674104945, 0.012397923738592295]","[0.741793692111969, 0.17265045642852783, 0.08555584400892258]","[0.9709806045629727, 0.028051213835582164, 0.0009681816014448565]",R
Healthy,"[0.9521593081032071, 0.036887675240663345, 0.010953016656129525]","[0.5984807014465332, 0.34051966667175293, 0.060999590903520584]","[0.929476089887619, 0.06519277492245916, 0.005331135189922065]",R
Healthy,"[0.9955410840859013, 0.004279654268102291, 0.0001792616459965708]","[0.9049000144004822, 0.06070347875356674, 0.034396495670080185]","[0.9971292769113482, 0.0028588875749965084, 1.183551365515115e-05]",R
Healthy,"[0.9196452398420053, 0.0740539559341706, 0.006300804223823904]","[0.8347196578979492, 0.09887127578258514, 0.06640909612178802]","[0.9004733484063503, 0.09786994969159574, 0.0016567019020541434]",R
Healthy,"[0.9905571297310557, 0.0076121068368392, 0.0018307634321049564]","[0.885703980922699, 0.08226656168699265, 0.03202945739030838]","[0.9942753596278578, 0.0056968698355450865, 2.7770536597130516e-05]",R
Healthy,"[0.9453910205197554, 0.04662860660661091, 0.007980372873633778]","[0.6565367579460144, 0.272877037525177, 0.070586197078228]","[0.9675762172495843, 0.027327927590021336, 0.0050958551603943565]",R
Healthy,"[0.9764851054918622, 0.021853291716566598, 0.0016616027915711256]","[0.828015148639679, 0.10884475708007812, 0.06314008682966232]","[0.977661462295039, 0.021940867853940685, 0.0003976698510203532]",R
Healthy,"[0.7359276376048525, 0.10512337970994409, 0.1589489826852034]","[0.7120970487594604, 0.163621187210083, 0.12428177148103714]","[0.7245989865051411, 0.17000018711270926, 0.10540082638214963]",RF
Healthy,"[0.9449934917500654, 0.01662710606230239, 0.03837940218763238]","[0.8489018082618713, 0.10579503327608109, 0.045303188264369965]","[0.7286119315079279, 0.27112362829890413, 0.00026444019316795365]",RF
Healthy,"[0.8721740161523137, 0.026709958567413424, 0.10111602528027296]","[0.8444331288337708, 0.08308852463960648, 0.07247839123010635]","[0.8267191427859361, 0.16990333019419424, 0.003377527019869814]",RF
Healthy,"[0.8614279470190551, 0.08654231291798631, 0.05202974006295855]","[0.7910330295562744, 0.14029507339000702, 0.06867192685604095]","[0.8350202576798106, 0.163966774001649, 0.0010129683185405739]",RF
Healthy,"[0.8737705691839371, 0.05283739880656997, 0.07339203200949299]","[0.7716021537780762, 0.1759471893310547, 0.05245061591267586]","[0.8290083159879567, 0.16734384301058122, 0.0036478410014619397]",RF
Healthy,"[0.7782245303652136, 0.12720246193961565, 0.09457300769517074]","[0.7022601366043091, 0.22497773170471191, 0.07276216894388199]","[0.674683717208956, 0.3173802945792276, 0.007935988211816191]",RF
Healthy,"[0.8207533867589595, 0.14592395120721854, 0.03332266203382199]","[0.7870354652404785, 0.17195162177085876, 0.04101291671395302]","[0.843138500358323, 0.15494402910321445, 0.0019174705384624022]",RF
Healthy,"[0.388997366343103, 0.4635313682979516, 0.14747126535894542]","[0.3912680149078369, 0.2588638663291931, 0.34986811876296997]","[0.38032361134242115, 0.486566733853054, 0.1331096548045248]",S
Healthy,"[0.6502048588756596, 0.23072112544554058, 0.11907401567879967]","[0.2969219982624054, 0.4063093662261963, 0.2967686653137207]","[0.6712417190223815, 0.2721908168213672, 0.05656746415625132]",S
Healthy,"[0.6143377304980873, 0.20476872088148773, 0.18089354862042498]","[0.36619067192077637, 0.22837616503238678, 0.4054332375526428]","[0.771584688864554, 0.15541899372390855, 0.0729963174115375]",S
Healthy,"[0.8426407881537856, 0.14306663352674942, 0.014292578319465064]","[0.7189285755157471, 0.13533705472946167, 0.14573433995246887]","[0.9760777272274044, 0.018947760937220042, 0.004974511835375358]",S
Healthy,"[0.6925290765510673, 0.2925085468293454, 0.014962376619587367]","[0.5237513780593872, 0.256667822599411, 0.21958081424236298]","[0.9237837784792211, 0.06056316839598838, 0.015653053124790588]",S
Healthy,"[0.8420167642304754, 0.08950128168922725, 0.0684819540802972]","[0.4132179915904999, 0.2056128978729248, 0.3811691105365753]","[0.8934071150610895, 0.05753472530561453, 0.04905815963329602]",S
Healthy,"[0.6248167683231234, 0.3182654858999303, 0.05691774577694629]","[0.8084368109703064, 0.1370747834444046, 0.0544884130358696]","[0.9324158034117603, 0.05192362964484483, 0.015660566943394717]",T
Healthy,"[0.470970534353574, 0.34159902046864904, 0.187430445177777]","[0.7343521118164062, 0.18048347532749176, 0.08516440540552139]","[0.9016299621107027, 0.053221017031586146, 0.0451490208577111]",T
Healthy,"[0.6443406774081759, 0.28349457922464677, 0.07216474336717739]","[0.8974563479423523, 0.07069749385118484, 0.031846173107624054]","[0.9613300912235122, 0.03707631417839233, 0.0015935945980954348]",T
Healthy,"[0.7073894284102664, 0.22032322511730562, 0.07228734647242793]","[0.914858341217041, 0.05396852269768715, 0.031173113733530045]","[0.980164772158347, 0.01858580437528454, 0.0012494234663685078]",T
Healthy,"[0.409298796355783, 0.4302832374845416, 0.16041796615967546]","[0.8370649814605713, 0.04972625896334648, 0.11320874840021133]","[0.8768839193054797, 0.1078022831460026, 0.015313797548517714]",T
CKD,"[0.352923106041628, 0.6040958238981738, 0.042981070060198114]","[0.523493766784668, 0.3692881464958191, 0.10721806436777115]","[0.5946908820112774, 0.3340033277589731, 0.07130579022974949]",TG
Healthy,"[0.4183898710131275, 0.41488371090672405, 0.16672641808014838]","[0.62373286485672, 0.26048216223716736, 0.11578498035669327]","[0.5369181277080883, 0.3639640984363908, 0.09911777385552098]",U
Healthy,"[0.7527533989891012, 0.20079439820372458, 0.04645220280717412]","[0.7351694703102112, 0.19104962050914764, 0.07378090918064117]","[0.6890543062539187, 0.3015762660204236, 0.00936942772565765]",U
Healthy,"[0.5267292560878531, 0.4436841741001942, 0.029586569811952682]","[0.3621777892112732, 0.4667145609855652, 0.17110760509967804]","[0.3635174381956506, 0.6127573714619423, 0.023725190342407065]",U
Healthy,"[0.2888591490090973, 0.3847262588392285, 0.32641459215167407]","[0.4520203471183777, 0.263744056224823, 0.2842356264591217]","[0.4050527449799519, 0.20182595043872534, 0.39312130458132283]",U
Healthy,"[0.5583958738236943, 0.35444853774784213, 0.08715558842846352]","[0.40693235397338867, 0.24880777299404144, 0.3442598879337311]","[0.47122245847343774, 0.24689914862767473, 0.28187839289888744]",U
Healthy,"[0.8718736554224803, 0.0686337199617392, 0.05949262461578047]","[0.8289968967437744, 0.11711712181568146, 0.05388597026467323]","[0.8302701217018998, 0.16932430821409003, 0.00040557008401014287]",U
CaOx,"[0.012003692398640917, 0.27359479223274186, 0.7144015153686173]","[0.0780494213104248, 0.22948311269283295, 0.6924675107002258]","[0.08522405115623448, 0.09164019207088762, 0.823135756772878]",UJ
CaOx,"[0.09402133313258582, 0.4938595498145546, 0.41211911705285953]","[0.08425518870353699, 0.5961258411407471, 0.31961899995803833]","[0.025455120127975902, 0.7879105707228916, 0.18663430914913262]",UJ
CaOx,"[0.030186021790028182, 0.3288785835290366, 0.6409353946809353]","[0.08973554521799088, 0.19835367798805237, 0.7119107842445374]","[0.0381977487446674, 0.2355386620271795, 0.7262635892281532]",UJ
CaOx,"[0.19495477944335496, 0.4110148902791058, 0.39403033027753914]","[0.11809171736240387, 0.44152140617370605, 0.44038692116737366]","[0.07048354742925583, 0.49019185585029934, 0.4393245967204449]",UJ
Healthy,"[0.7573389859387264, 0.1944996057952927, 0.048161408265980976]","[0.7581647634506226, 0.08785942941904068, 0.15397579967975616]","[0.8569523647342088, 0.11421344179955693, 0.028834193466234306]",V
Healthy,"[0.5053666260228304, 0.2990299926818933, 0.19560338129527627]","[0.5757541060447693, 0.27631914615631104, 0.14792680740356445]","[0.6439855870582388, 0.26431065311559765, 0.0917037598261635]",V
Healthy,"[0.7841004212985815, 0.11430469473680757, 0.10159488396461082]","[0.7650300860404968, 0.09774862229824066, 0.13722124695777893]","[0.9200061390922966, 0.04317675931814439, 0.03681710158955926]",V
Healthy,"[0.639091932363351, 0.2235817343665974, 0.13732633327005153]","[0.7101648449897766, 0.16747911274433136, 0.12235597521066666]","[0.8115232757194637, 0.1254082155150194, 0.06306850876551687]",V
Healthy,"[0.7318387895391932, 0.20093145975126056, 0.06722975070954613]","[0.7896972298622131, 0.14040601253509521, 0.06989670544862747]","[0.8767328485221874, 0.11783166954667787, 0.00543548193113482]",V
Healthy,"[0.4532954455178911, 0.5229964282793825, 0.023708126202726335]","[0.7970798015594482, 0.1264687478542328, 0.07645148783922195]","[0.8360626370973252, 0.13528729750590224, 0.028650065396772572]",VF
Healthy,"[0.9417434066006274, 0.0489273878673504, 0.00932920553202231]","[0.8923161625862122, 0.06802275776863098, 0.03966105729341507]","[0.9941882781911661, 0.004542732043057661, 0.0012689897657763025]",VF
Healthy,"[0.8062503909225206, 0.18599623871287127, 0.007753370364608248]","[0.6462627053260803, 0.2947656214237213, 0.05897165834903717]","[0.7712094888383835, 0.2266742376720941, 0.002116273489522406]",VF
Healthy,"[0.9357811086231395, 0.05689362807596773, 0.00732526330089265]","[0.9017078280448914, 0.06884019076824188, 0.02945197932422161]","[0.9774939117025228, 0.022142846766004556, 0.0003632415314726397]",VF
Healthy,"[0.8307919905343204, 0.16639674910313854, 0.0028112603625411224]","[0.8668773174285889, 0.07978220283985138, 0.05334051325917244]","[0.9832882608451383, 0.01421527785028624, 0.0024964613045755256]",VF
Healthy,"[0.6523986623080434, 0.20885728384808802, 0.13874405384386848]","[0.5921393036842346, 0.33118849992752075, 0.07667222619056702]","[0.847392274488468, 0.12712405142959543, 0.02548367408193653]",W
Healthy,"[0.9363610682099301, 0.04576915168690906, 0.017869780103160742]","[0.8533242344856262, 0.09971417486667633, 0.046961575746536255]","[0.9143642729348751, 0.08380095120558288, 0.0018347758595421045]",W
Healthy,"[0.9980284413171381, 0.0014984460660122485, 0.00047311261684954543]","[0.8537288308143616, 0.09871285408735275, 0.04755835235118866]","[0.9949119542666308, 0.005069643608453043, 1.8402124916223003e-05]",W
Healthy,"[0.9998649866056998, 0.00013501324109772573, 1.5320244847155803e-10]","[0.9136490821838379, 0.04396822303533554, 0.04238271713256836]","[0.9964951923101121, 0.0034271890014342297, 7.761868845377881e-05]",W
Healthy,"[0.9994077205217048, 0.00011507010296397012, 0.00047720937533132985]","[0.9244120717048645, 0.041640058159828186, 0.03394785523414612]","[0.9973405034720544, 0.0025548326040185435, 0.00010466392392693969]",W
CKD,"[0.00353711950895429, 0.30009881373927877, 0.6963640667517669]","[0.06671962887048721, 0.2920647859573364, 0.6412155628204346]","[0.04591668416926948, 0.31794883883761915, 0.6361344769931114]",WS
CKD,"[0.563948620990207, 0.4059033907173647, 0.03014798829242829]","[0.7611043453216553, 0.17845125496387482, 0.0604444295167923]","[0.6855582921719251, 0.29344006903358905, 0.021001638794485824]",WS
CKD,"[0.9423269008113713, 0.0554867310031584, 0.0021863681854702253]","[0.8380634784698486, 0.11161669343709946, 0.050319869071245193]","[0.7898159595249831, 0.18244113233882506, 0.027742908136191867]",WS
CKD,"[0.08893601721996784, 0.3114025385120466, 0.5996614442679856]","[0.1381063014268875, 0.36585569381713867, 0.496038019657135]","[0.06763558308229078, 0.294288130866028, 0.6380762860516812]",X
CKD,"[0.03878580010624651, 0.3926130715589859, 0.5686011283347677]","[0.06911619752645493, 0.19869618117809296, 0.7321875691413879]","[0.06903215047999259, 0.1854748260079217, 0.7454930235120858]",X
CKD,"[0.2987432760446346, 0.28192418292963484, 0.41933254102573053]","[0.3607589602470398, 0.22030173242092133, 0.4189393222332001]","[0.33486889920905616, 0.21888485321601667, 0.44624624757492704]",X
Healthy,"[0.8541324059279467, 0.13048616820435646, 0.015381425867697002]","[0.6828208565711975, 0.23497681319713593, 0.08220230787992477]","[0.5778459325023425, 0.41109061666284896, 0.011063450834808475]",XS
Healthy,"[0.7153171659022675, 0.2345874610470853, 0.0500953730506472]","[0.7105821371078491, 0.20125436782836914, 0.08816356956958771]","[0.750291842285659, 0.17466960733454623, 0.07503855037979477]",XS
Healthy,"[0.9311848526834369, 0.04783432489801823, 0.020980822418544993]","[0.854759693145752, 0.0962744727730751, 0.04896586760878563]","[0.9128152222511863, 0.0806273057191632, 0.006557472029650518]",XS
Healthy,"[0.7060424264327898, 0.26888763399964105, 0.025069939567569033]","[0.5195211172103882, 0.3351669907569885, 0.1453118622303009]","[0.5619527411914333, 0.37719803285799036, 0.06084922595057635]",XS
Healthy,"[0.7421743849449695, 0.2066621104448915, 0.05116350461013897]","[0.5882583856582642, 0.2487208992242813, 0.16302073001861572]","[0.5578484899022956, 0.23996434398156555, 0.20218716611613893]",XS
Healthy,"[0.013675624493368375, 0.2624004498038002, 0.7239239257028315]","[0.06155506893992424, 0.2130851149559021, 0.7253598570823669]","[0.0020177888283832296, 0.20886302593629802, 0.7891191852353187]",XS
CaOx,"[0.571997901765876, 0.2728086926611719, 0.1551934055729521]","[0.7080615162849426, 0.18489769101142883, 0.10704079270362854]","[0.8265579350639172, 0.0795064417747443, 0.09393562316133863]",Y
CaOx,"[0.5141606676622541, 0.4281139646410834, 0.057725367696662526]","[0.41711506247520447, 0.4562147259712219, 0.126670241355896]","[0.43081004702844106, 0.4096163133299688, 0.15957363964159002]",Y
CaOx,"[0.6800003228374867, 0.1709527649785562, 0.1490469121839572]","[0.4796919524669647, 0.3241858184337616, 0.19612230360507965]","[0.6956507924846898, 0.20640960082322599, 0.09793960669208436]",Y
CaOx,"[0.21500818482804468, 0.6586960690141044, 0.12629574615785089]","[0.5525529980659485, 0.2203150987625122, 0.2271319031715393]","[0.7198021692559875, 0.2508075830655757, 0.029390247678436933]",Y
CaOx,"[0.12805877358286388, 0.6955889403068837, 0.17635228611025253]","[0.12391449511051178, 0.6612114906311035, 0.2148740142583847]","[0.02084137032493974, 0.8230205447718317, 0.15613808490322856]",YH
CaOx,"[0.06319624321781711, 0.49182315168380675, 0.44498060509837617]","[0.0654362291097641, 0.5700162053108215, 0.36454758048057556]","[0.01300207906889818, 0.4439875500909547, 0.5430103708401472]",YH
CaOx,"[0.5754409195652271, 0.3867179181784426, 0.03784116225633025]","[0.6264010667800903, 0.26079997420310974, 0.11279897391796112]","[0.5862798280472314, 0.3633425918982257, 0.05037758005454279]",YU
CaOx,"[0.4524478958928778, 0.41347726803566626, 0.1340748360714559]","[0.5858708024024963, 0.30878815054893494, 0.10534103214740753]","[0.5524463296681126, 0.343687322475968, 0.10386634785591933]",YU
CaOx,"[0.707865702996355, 0.22796269353558368, 0.06417160346806129]","[0.692633330821991, 0.22129574418067932, 0.0860709473490715]","[0.7117236961202897, 0.27108098507112394, 0.01719531880858627]",YU
CaOx,"[0.49477455457934016, 0.36342866136095825, 0.14179678405970164]","[0.5273260474205017, 0.3164897859096527, 0.15618418157100677]","[0.6403676131493883, 0.2628871759992015, 0.0967452108514103]",YU
CaOx,"[0.26547766857915295, 0.5617933245117008, 0.1727290069091463]","[0.48351332545280457, 0.38465431332588196, 0.13183234632015228]","[0.266126395743792, 0.5336556171691317, 0.20021798708707642]",YU
CaOx,"[0.1202717416487535, 0.5726520071632096, 0.30707625118803694]","[0.18913058936595917, 0.5256469249725342, 0.28522247076034546]","[0.06337491264845464, 0.7714928753422043, 0.16513221200934108]",YU
Healthy,"[0.8207460986151024, 0.11471753570890039, 0.06453636567599738]","[0.8016239404678345, 0.16877862811088562, 0.029597414657473564]","[0.6880791374175346, 0.2755776757485958, 0.03634318683386973]",Z
Healthy,"[0.7605630745253763, 0.10916357946948178, 0.1302733460051418]","[0.7821740508079529, 0.15892918407917023, 0.058896757662296295]","[0.8396596057396002, 0.09577953370345016, 0.06456086055694965]",Z
Healthy,"[0.5850886873104166, 0.20332527519150384, 0.21158603749807955]","[0.7376063466072083, 0.13929547369480133, 0.12309823930263519]","[0.567731155906, 0.12019259181252386, 0.31207625228147623]",Z
Healthy,"[0.7552798386596903, 0.1664667213944273, 0.0782534399458825]","[0.7079865336418152, 0.24153685569763184, 0.05047666281461716]","[0.7564366618434727, 0.20185821919075222, 0.04170511896577514]",Z
Healthy,"[0.8261880142346715, 0.0170103256607698, 0.15680166010455876]","[0.5946187376976013, 0.05557839199900627, 0.34980282187461853]","[0.594591537473583, 0.10185038987449002, 0.3035580726519272]",Z
CaOx,"[0.9214342387031181, 0.013773489482863647, 0.06479227181401816]","[0.8072744011878967, 0.0741487517952919, 0.11857683211565018]","[0.9716313407022497, 0.006754649461362518, 0.021614009836387855]",ZA
CaOx,"[0.6826923585460869, 0.1964781556710001, 0.12082948578291304]","[0.5037797093391418, 0.255938321352005, 0.24028195440769196]","[0.8853759167589363, 0.0683547214501454, 0.046269361790918104]",ZA
CaOx,"[0.7671230307209976, 0.10126511251583457, 0.1316118567631678]","[0.785102903842926, 0.09459317475557327, 0.12030395120382309]","[0.9340945241399997, 0.03405515925278886, 0.03185031660721132]",ZA
CaOx,"[0.05965043535786042, 0.5030421763683895, 0.4373073882737501]","[0.1320645958185196, 0.44224995374679565, 0.42568546533584595]","[0.01694054589009889, 0.6815622385672272, 0.30149721554267384]",ZA
CaOx,"[0.9065703128171015, 0.08044375180595115, 0.012985935376947255]","[0.7246624231338501, 0.22259269654750824, 0.05274485424160957]","[0.9141617776018564, 0.08479522985960611, 0.0010429925385375583]",ZA
CaOx,"[0.755325023559248, 0.20878580331802143, 0.03588917312273062]","[0.7508981823921204, 0.12331093847751617, 0.12579086422920227]","[0.8390346885605093, 0.14207377303366706, 0.01889153840582363]",ZA
CaOx,"[0.1682416860293914, 0.3389326052159301, 0.49282570875467846]","[0.250487744808197, 0.4478343427181244, 0.3016779124736786]","[0.2571041503486587, 0.45204066741009785, 0.29085518224124346]",ZA
